{"cameraMode":{"drawMode":0,"name":"Shaded","section":"Shading Mode"},"sceneLighting":false,"audioPlay":false,"sceneViewState":{"showFog":true,"showMaterialUpdate":false,"showSkybox":false,"showFlares":true,"showImageEffects":true,"showParticleSystems":true},"in2DMode":false,"pivot":{"x":1.820363998413086,"y":19.46489143371582,"z":14.861015319824219},"rotation":{"x":-0.014681817032396794,"y":0.983836829662323,"z":-0.15051349997520448,"w":-0.09592992067337036},"size":4.387946605682373,"orthographic":false}