{"cameraMode":{"drawMode":0,"name":"Shaded","section":"Shading Mode"},"sceneLighting":true,"audioPlay":false,"sceneViewState":{"showFog":true,"showMaterialUpdate":false,"showSkybox":false,"showFlares":true,"showImageEffects":true,"showParticleSystems":true},"in2DMode":false,"pivot":{"x":0.257000207901001,"y":0.004000186920166016,"z":-0.15600013732910157},"rotation":{"x":0.23924662172794343,"y":-0.36461207270622256,"z":0.09751265496015549,"w":0.8946434855461121},"size":13.445910453796387,"orthographic":false}